{
  "__version__": "1.3.9",
  "splash-setting": {
    "background": {
      "color": {
        "x": 0.23137254901960785,
        "y": 0.5450980392156862,
        "z": 0.611764705882353,
        "w": 1
      }
    }
  }
}
